State,District,Latitude,Longitude,Population,Male,Female,Male_Literate,Female_Literate,Households_with_Internet,Housholds_with_Electric_Lighting,Hindus,Sex Ratio,Literacy Rate
Andhra Pradesh,Adilabad,19.284513950073435,78.81321233480176,2741239,1369597,1371642,856350,626997,5512,566108,2399901,100,54
Andhra Pradesh,Anantapur,14.312065561843148,77.4601584478577,4081148,2064495,2016653,1338474,972486,8606,897970,3599372,98,57
Andhra Pradesh,Chittoor,13.33109263067696,78.92763898886037,4174064,2090204,2083860,1484794,1183084,13763,944555,3737588,100,64
Andhra Pradesh,East Godavari,16.782718320784902,82.2432074720511,5154296,2569688,2584608,1716933,1571644,22411,1297273,4983330,101,64
Andhra Pradesh,Guntur,15.884925767634847,80.58657614107885,4887813,2440521,2447292,1634726,1325715,19383,1186028,4217597,100,61
Andhra Pradesh,Hyderabad,17.38971555555556,78.46668888888888,3943323,2018575,1924748,1542688,1349467,149034,869721,2046051,95,73
Andhra Pradesh,Karimnagar,18.515483193277312,79.43765428571413,3776269,1880800,1895469,1257238,949591,8831,926768,3491139,101,58
Andhra Pradesh,Khammam,17.683921325051784,80.67008643892335,2797370,1390988,1406382,901640,728594,8628,668519,2595321,101,58
Andhra Pradesh,Krishna,16.143872753151673,81.14805061000413,4517398,2267375,2250023,1598959,1410759,30438,1163932,4023678,99,67
Andhra Pradesh,Kurnool,15.43759715142429,77.90086836581717,4053463,2039227,2014236,1246369,880792,10081,816721,3328380,99,52
Andhra Pradesh,Mahbubnagar,16.639546224256293,77.98933089244859,4053028,2050386,2002642,1158386,782260,6153,757821,3673456,98,48
Andhra Pradesh,Medak,17.889304978038055,78.13778901903379,3033288,1523030,1510258,953406,683731,8635,604719,2637313,99,54
Andhra Pradesh,Nalgonda,17.113250515463907,79.16984453608244,3488809,1759772,1729037,1160757,840262,7715,789225,3249231,98,57
Andhra Pradesh,Nizamabad,18.429485849056604,78.07523490566035,2551335,1250641,1300694,790214,599596,5261,545913,2123426,104,54
Andhra Pradesh,Prakasam,15.489039001601704,80.11665790176184,3397448,1714764,1682684,1107686,796749,6151,763746,3150195,98,56
Andhra Pradesh,Srikakulam,18.570900998697432,84.25874814010675,2703114,1341738,1361376,857824,637557,3988,615432,2666950,101,55
Andhra Pradesh,Vizianagaram,18.28329696032972,83.45982854198873,2344474,1161477,1182997,707503,530885,4453,527736,2299129,102,53
Andhra Pradesh,Warangal,18.01752608695651,79.87422028985509,3512576,1759281,1753295,1179790,885233,12952,828077,3273755,100,59
Andhra Pradesh,West Godavari,16.63297943925236,81.45912990654196,3936966,1964918,1972048,1379223,1273166,12050,1017568,3733191,100,67
Arunachal Pradesh,Changlang,27.36048479338845,96.37552644628106,148226,76948,71278,44027,29147,170,14593,47683,93,49
Arunachal Pradesh,East Kameng,27.371194055944056,93.04741486013997,78690,38775,39915,21599,16850,57,5318,12333,103,49
Arunachal Pradesh,East Siang,28.15382352941176,95.06499226006191,99214,50116,49098,34210,28366,450,14231,27854,98,63
Arunachal Pradesh,Kurung Kumey,28.04853351800553,93.24531994459834,92076,45318,46758,20258,16348,95,3911,4859,103,40
Arunachal Pradesh,Lohit,27.946785273972623,96.59670770547945,145726,76221,69505,48380,34682,312,17157,99020,91,57
Arunachal Pradesh,Lower Dibang Valley,28.32651730103806,95.76567335640142,54080,28053,26027,18087,13762,207,5932,28915,93,59
Arunachal Pradesh,Lower Subansiri,27.70849297297297,93.96226108108112,83030,41843,41187,29470,24587,381,12493,9551,98,65
Arunachal Pradesh,Papum Pare,27.273529716981127,93.54468183962264,176573,89182,87391,65794,55254,2477,30539,57027,98,69
Arunachal Pradesh,Tawang,27.680683962264148,91.82504245283016,49977,29151,20826,17720,8353,96,8635,11842,71,52
Arunachal Pradesh,Tirap,26.94406229508198,95.41470327868862,111975,57604,54371,29313,18661,98,16026,20682,94,43
Arunachal Pradesh,Upper Siang,28.8309244897959,95.00155765306124,35320,18699,16621,10723,7472,97,6198,5261,89,52
Arunachal Pradesh,Upper Subansiri,28.277196566523585,93.8991435622318,83448,41758,41690,24807,20471,139,5373,13474,100,54
Arunachal Pradesh,West Kameng,27.46486582278483,92.65015750452083,83947,46155,37792,29566,18926,202,14188,31265,82,58
Arunachal Pradesh,West Siang,28.106296920289843,94.53510344202908,112274,58168,54106,36777,27969,303,14204,15881,93,58
Assam,Barpeta,26.427872264631056,90.97912010178116,1693622,867004,826618,499038,398020,2078,84804,492966,95,53
Assam,Bongaigaon,26.45012521994133,90.6734296187684,738804,375818,362986,237114,196964,2523,49866,359145,97,59
Assam,Cachar,24.815570668693017,92.86849650455927,1736617,886284,850333,639946,534182,5316,140205,1038985,96,68
Assam,Darrang,26.58463215962442,92.04141338028155,928500,475273,453227,268666,218373,1166,45444,327322,95,52
Assam,Dhemaji,27.586533438485816,94.71336908517353,686133,351249,334884,237761,185267,1192,28195,655052,95,62
Assam,Dibrugarh,27.30612284482757,95.0998282327587,1326335,676434,649901,491361,393170,8817,136685,1198401,96,67
Assam,Goalpara,26.017277777777807,90.59869891598912,1008183,513292,494891,304302,259275,1364,78641,347878,96,56
Assam,Golaghat,26.377219709794485,93.82583397823468,1066888,543161,523727,396475,325289,3073,82345,917426,96,68
Assam,Hailakandi,24.457496089385486,92.59154664804475,659296,337890,321406,226836,180530,1211,44143,251194,95,62
Assam,Jorhat,26.76244824016563,94.30197722567289,1092256,556805,535451,432335,362594,5651,122063,1008219,96,73
Assam,Kamrup,26.170939452054807,91.58863273972592,1517542,778461,739081,550219,445100,3109,122191,877495,95,66
Assam,Karbi Anglong,26.08966454598031,93.11536570271832,956313,490167,466146,314253,242961,1923,53918,766000,95,58
Assam,Karimganj,24.69660712250711,92.3679498575498,1228686,625864,602822,435942,359355,1933,70951,521962,96,65
Assam,Kokrajhar,26.497246635730868,90.13997470997688,887142,452905,434237,275220,214085,1218,41373,529068,96,55
Assam,Lakhimpur,27.14128805970149,94.0775949253732,1042137,529674,512463,375552,307934,1948,60296,797130,97,66
Assam,Nagaon,26.26462170626351,92.9306191144708,2823768,1439112,1384656,921850,788866,5121,195631,1225246,96,61
Assam,Nalbari,26.46323767605632,91.40598521126763,771639,396006,375633,293184,238587,1631,68313,491582,95,69
Assam,Sonitpur,26.73514926829268,92.85197804878044,1924110,983904,940206,620525,488047,4358,133368,1422824,96,58
Assam,Tinsukia,27.53549291139241,95.69055949367085,1327929,680231,647698,453449,344873,5135,161718,1181347,95,60
Bihar,Araria,26.211528119180603,87.30766554934816,2811569,1463333,1348236,727643,468125,2561,43290,1593525,92,43
Bihar,Aurangabad,24.774291867469877,84.45986024096379,2540073,1318684,1221389,868733,597269,2362,44456,2291133,93,58
Bihar,Aurangabad,24.774291867469877,84.45986024096379,3701282,1924469,1776813,1430936,1072901,23258,589477,2545438,92,68
Maharashtra,Aurangabad,20.0979228832952,75.32072196796334,2540073,1318684,1221389,868733,597269,2362,44456,2291133,93,58
Maharashtra,Aurangabad,20.0979228832952,75.32072196796334,3701282,1924469,1776813,1430936,1072901,23258,589477,2545438,92,68
Bihar,Banka,24.832355642023337,86.8664916342413,2034763,1067140,967623,590961,374360,1704,62359,1772655,91,47
Bihar,Begusarai,25.54302613168723,86.12560144032932,2970541,1567660,1402881,918507,630166,4644,120373,2554330,89,52
Bihar,Bhagalpur,25.277192885375477,87.04213814229242,3037766,1615663,1422103,937669,635397,6764,174534,2487866,88,52
Bihar,Bhojpur,25.50666439393939,84.49407803030304,2728407,1430380,1298027,973486,625665,3661,62153,2518216,91,59
Bihar,Buxar,25.48593018867924,84.08808081760995,1706352,887977,818375,593544,396263,1784,46760,1591454,92,58
Bihar,Darbhanga,26.146187719298258,85.97387352472099,3937385,2059949,1877436,1125566,691068,6280,127442,3042729,91,46
Bihar,Gaya,24.7266541547278,84.94291217765044,4391418,2266566,2124852,1368803,928810,6856,112617,3876395,94,52
Bihar,Gopalganj,26.44874364161851,84.34636127167629,2562012,1267666,1294346,793905,589093,3707,69375,2119262,102,54
Bihar,Jamui,24.78418380462726,86.26316298200514,1760405,916064,844341,534385,324203,1839,32633,1525746,92,49
Bihar,Jehanabad,25.155679045643165,84.9208124481328,1125313,585582,539731,374412,244469,1106,27641,1045117,92,55
Bihar,Katihar,25.56565356037151,87.70466083591326,3071029,1600430,1470599,762256,517934,2941,60900,1684589,92,42
Bihar,Khagaria,25.53558891454964,86.56593256351037,1666886,883786,783100,461153,306875,1580,40641,1486989,89,46
Bihar,Kishanganj,26.324336758321294,87.95045007235886,1690400,866970,823430,439921,305135,1093,58718,531236,95,44
Bihar,Lakhisarai,25.183449321266963,86.12825701357468,1000912,526345,474567,305182,202088,1186,44491,956396,90,51
Bihar,Madhepura,25.77341929460581,86.8978443983403,2001762,1047559,954203,517666,316911,1397,23236,1753829,91,42
Bihar,Madhubani,26.41380538172716,86.16328360450552,4487379,2329313,2158066,1340085,815253,5319,113281,3652168,93,48
Bihar,Munger,25.198537962962963,86.54173672839504,1367765,729041,638724,473741,328076,2653,90461,1252319,88,59
Bihar,Muzaffarpur,26.18664417177915,85.32745092024543,4801062,2527497,2273565,1487117,1022115,10290,180651,4032773,90,52
Bihar,Nalanda,25.229345508982053,85.48053113772461,2877653,1497060,1380593,919558,600375,4156,101378,2669775,92,53
Bihar,Nawada,24.825708836206903,85.61594568965519,2219146,1144668,1074478,659474,431538,1841,31162,1964620,94,49
Bihar,Pashchim Champaran,27.16064352201258,84.30265911949685,3935042,2061110,1873932,1091226,668255,3495,57546,3047427,91,45
Bihar,Patna,25.40297114503818,85.3198433587787,5838465,3078512,2759953,2028047,1431632,40692,546859,5356075,90,59
Bihar,Purba Champaran,26.68129336734693,85.00382155612242,5099371,2681209,2418162,1407603,869354,7719,74979,4086453,90,45
Bihar,Purnia,25.81714801901739,87.40447606973065,3264619,1699370,1565249,805261,527065,4170,86058,1989420,92,41
Bihar,Rohtas,24.99170460829495,83.9350762672811,2959918,1543546,1416372,1061783,738049,4594,114893,2645415,92,61
Bihar,Saharsa,25.821270696721303,86.54670819672135,1900661,997174,903487,506374,298622,1668,41342,1629254,91,42
Bihar,Samastipur,25.793205563909765,85.94833323308269,4261566,2230003,2031563,1293575,849305,5379,88021,3800598,91,50
Bihar,Saran,25.89656077844312,84.82266287425155,3951862,2022821,1929041,1285767,871687,4509,94787,3534772,95,55
Bihar,Sheikhpura,25.12472436548223,85.77839390862943,636342,329743,306599,196431,132245,631,20065,596102,93,52
Bihar,Sheohar,26.458380748663107,85.29539411764709,656246,346673,309573,171645,112053,478,10004,552492,89,43
Bihar,Sitamarhi,26.56570069686413,85.61172491289203,3423574,1803252,1620322,885188,551606,3460,66263,2672311,90,42
Bihar,Siwan,26.1736372013652,84.33766552901022,3330464,1675090,1655374,1115906,814269,3834,52935,2712635,99,58
Bihar,Supaul,26.28157893772896,86.78496465201461,2229076,1155283,1073793,647672,385611,1845,51028,1809936,93,46
Bihar,Vaishali,25.8134703180212,85.39247597173153,3495021,1844535,1650486,1152576,774164,4810,70001,3152346,89,55
Chandigarh,Chandigarh,30.7426,76.75872465753424,1055450,580663,474787,465346,340092,44283,231204,852574,82,76
Chhattisgarh,Bastar,19.393866751269048,81.52895126903546,1413199,698487,714712,382335,268528,1782,157646,1277975,102,46
Chhattisgarh,Bilaspur,22.356942982456143,81.99770350877188,381956,192764,189192,155599,132021,1574,79146,371973,98,75
Chhattisgarh,Bilaspur,22.356942982456143,81.99770350877188,2663629,1351574,1312055,932474,664086,8566,519704,2540763,97,60
Himachal Pradesh,Bilaspur,31.3780422907489,76.65316079295157,381956,192764,189192,155599,132021,1574,79146,371973,98,75
Himachal Pradesh,Bilaspur,31.3780422907489,76.65316079295157,2663629,1351574,1312055,932474,664086,8566,519704,2540763,97,60
Chhattisgarh,Dhamtari,20.554912627291245,81.7569195519348,799781,397897,401884,303924,242909,1016,148926,777188,101,68
Chhattisgarh,Durg,21.194463849287164,81.33181639511197,3343872,1682101,1661771,1284612,1018766,16141,614109,3129745,99,69
Chhattisgarh,Jashpur,22.77286167664669,83.8703962075848,851669,424747,426922,280656,214759,567,76783,629509,101,58
Chhattisgarh,Korba,22.491712499999995,82.57604326923074,1206640,612915,593725,433391,315368,4544,202380,1133176,97,62
Chhattisgarh,Koriya,23.50412776859501,82.12515636363635,658917,334737,324180,229923,167900,1667,80023,604259,97,60
Chhattisgarh,Mahasamund,21.223727037773354,82.65925427435384,1032754,511967,520787,364089,273874,961,212487,1008061,102,62
Chhattisgarh,Raigarh,22.008265068493166,83.27797698630134,1493984,750278,743706,542756,408883,3342,297308,1422986,99,64
Chhattisgarh,Raigarh,22.008265068493166,83.27797698630134,2634200,1344345,1289855,1059692,880302,38570,547206,2239370,96,74
Maharashtra,Raigarh,18.453257637845976,73.0090609418579,1493984,750278,743706,542756,408883,3342,297308,1422986,99,64
Maharashtra,Raigarh,18.453257637845976,73.0090609418579,2634200,1344345,1289855,1059692,880302,38570,547206,2239370,96,74
Chhattisgarh,Raipur,20.88603153846152,82.20032759615388,4063872,2048186,2015686,1493158,1136591,20261,728556,3881485,98,65
Chhattisgarh,Surguja,23.32719278728607,83.23582493887531,2359886,1193129,1166757,694686,493255,2737,253131,2126195,98,50
Daman and Diu,Daman,20.431616666666677,72.8392366071429,191173,124659,66514,104316,46032,1316,49249,171537,53,79
Daman and Diu,Junagadh,20.72568199498111,70.83985639899612,2743082,1404356,1338726,1046981,795837,6628,498326,2397056,95,67
Gujarat,Junagadh,20.929523011609785,70.54733890140345,2743082,1404356,1338726,1046981,795837,6628,498326,2397056,95,67
Goa,North Goa,15.548723418714054,73.80667997909038,818008,416677,401331,351738,311322,23440,173951,622213,96,81
Goa,South Goa,15.195278658183785,73.941792596877,640537,322463,318074,264085,238342,17624,138810,341664,99,78
Gujarat,Ahmadabad,22.605425564971743,72.23898135593227,7214225,3788051,3426174,3025463,2410297,126341,1456046,6042416,90,75
Gujarat,Amreli,21.04832649310872,71.43457637825426,1514190,771049,743141,558180,437279,2538,273331,1410463,96,66
Gujarat,Anand,22.282718206229863,72.57782051557454,2092745,1087224,1005521,874481,676772,9902,378310,1798794,92,74
Gujarat,Banas Kantha,24.258538965517253,71.93205252873561,3120506,1610379,1510127,1048402,656521,3424,396873,2890305,94,55
Gujarat,Bharuch,21.75787276237761,72.67326346710801,1551019,805707,745312,623047,495229,10257,309091,1188204,93,72
Gujarat,Bhavnagar,21.70219390341736,72.16272632761141,2880365,1490201,1390164,1087371,799884,7297,500757,2632574,93,66
Gujarat,Gandhinagar,23.193679790026252,72.67221679790026,1391753,723864,667889,582686,447808,12107,262539,1319586,92,74
Gujarat,Jamnagar,22.410600414263328,69.62062005768233,2160119,1114192,1045927,795140,601394,11573,386538,1810443,94,65
Gujarat,Kachchh,23.48057203301311,68.82192301497916,2092371,1096737,995634,739239,513080,9631,403294,1608921,91,60
Gujarat,Kheda,22.88765312500002,73.018803515625,2299885,1185727,1114158,942480,717763,5710,372226,2000884,94,72
Gujarat,Mahesana,23.529355452865065,72.45545194085031,2035064,1056520,978544,847499,655146,7759,385609,1885732,93,74
Gujarat,Narmada,21.70666386292833,73.68403208722742,590297,301086,289211,211767,158569,576,101940,559848,96,63
Gujarat,Navsari,20.866973318871995,72.86184869848157,1329672,678165,651507,539471,462438,6726,267679,1225087,96,75
Gujarat,Panch Mahals,22.80435606837605,73.61984598290586,2390776,1226961,1163815,858054,582751,3456,398937,2220974,95,60
Gujarat,Patan,23.80634198473284,71.75162977099237,1343734,694397,649337,494631,343282,2231,223424,1194745,94,62
Gujarat,Porbandar,21.55092351651571,69.71896987722886,585449,300209,285240,221621,172057,1653,117040,549749,95,67
Gujarat,Rajkot,22.40603377715488,70.83679439383323,3804558,1974445,1830113,1514075,1210981,21785,747352,3397406,93,72
Gujarat,Sabar Kantha,23.71803594548552,73.13638790459964,2428589,1244231,1184358,918625,660109,5262,438606,2260560,95,65
Gujarat,Surat,21.25761372772093,72.93488716344339,6081322,3402224,2679098,2687468,1883942,55694,1252452,5260193,79,75
Gujarat,Surendranagar,22.82672007299272,71.48358740875906,1756268,909917,846351,643221,450405,2975,302068,1620282,93,62
Gujarat,The Dangs,20.801633877551023,73.6883518367347,228291,113821,114470,77314,63654,137,29794,203545,101,62
Gujarat,Vadodara,22.26133739279589,73.49433010291594,4165626,2153736,2011890,1614087,1278993,53606,798277,3713941,93,69
Gujarat,Valsad,20.44238231644259,72.9148584798345,1705678,887222,818456,655528,515129,11020,329218,1571147,92,69
Haryana,Ambala,30.3503672316384,76.94970310734456,1128350,598703,529647,461288,356737,12899,199681,955096,88,72
Haryana,Bhiwani,28.728868064516128,76.02110225806452,1634445,866672,767773,643158,426713,5292,266244,1611031,89,65
Haryana,Faridabad,28.14873109756098,77.32718536585368,1809733,966110,843623,734940,537799,43437,333171,1588407,87,70
Haryana,Fatehabad,29.57298318584072,75.54608716814157,942011,495360,446651,327471,230107,3210,153301,779243,90,59
Haryana,Gurgaon,28.043894789579163,77.01935130260523,1514432,816690,697742,638666,472450,67087,305751,1408801,85,73
Haryana,Hisar,29.23628731117825,75.84324682779452,1743931,931562,812369,670200,444111,10132,285004,1701061,87,64
Haryana,Jhajjar,28.59651868131869,76.61137142857145,958405,514667,443738,399480,276611,5034,168558,945693,86,71
Haryana,Jind,29.45149821958457,76.29598575667653,1334152,713006,621146,502049,330709,5263,222462,1276669,87,62
Haryana,Kaithal,29.96068539094649,76.37698930041155,1074304,571003,503301,385782,260747,3724,187349,974520,88,60
Haryana,Karnal,29.703200647249204,76.87488025889972,1505324,797712,707612,564516,413497,11163,267223,1341002,89,65
Haryana,Kurukshetra,30.05652659846548,76.78774680306903,964655,510976,453679,370828,276065,7356,171908,805175,89,67
Haryana,Mahendragarh,28.1352161458333,76.14018072916659,922088,486665,435423,380440,249815,2624,135455,913251,89,68
Haryana,Panchkula,30.700897142857134,76.97173238095236,561293,299679,261614,229862,175456,18615,103455,490702,87,72
Haryana,Panipat,29.34352134146342,76.92895914634147,1205437,646857,558580,464136,322463,10024,209965,1083936,86,65
Haryana,Rewari,28.19164714828897,76.55956007604564,900332,474335,425997,375453,261494,5121,152651,889133,90,71
Haryana,Rohtak,28.892517647058817,76.53123235294117,1061204,568479,492725,436025,311557,8482,193120,1043887,87,70
Haryana,Sirsa,29.63583446327684,74.90970480225988,1295189,682582,612607,456968,325929,6287,215527,940255,90,60
Himachal Pradesh,Chamba,32.66741814595661,76.39354063116366,519080,261320,257760,186064,137778,1615,96082,479782,99,62
Himachal Pradesh,Hamirpur,31.67668481012659,76.49767088607594,454768,217070,237698,180555,177536,2521,104120,449412,110,79
Himachal Pradesh,Hamirpur,31.67668481012659,76.49767088607594,1104285,593537,510748,408125,245174,1196,55929,1010014,86,59
Uttar Pradesh,Hamirpur,25.738158381502892,79.82619479768789,454768,217070,237698,180555,177536,2521,104120,449412,110,79
Uttar Pradesh,Hamirpur,25.738158381502892,79.82619479768789,1104285,593537,510748,408125,245174,1196,55929,1010014,86,59
Himachal Pradesh,Kangra,32.14093603238864,76.41205910931173,1510075,750591,759484,606443,546197,8053,330081,1461140,101,76
Himachal Pradesh,Kinnaur,31.60667184065933,78.51613736263741,84121,46249,37872,36697,24002,354,17865,64732,82,72
Himachal Pradesh,Kullu,31.90911922077925,77.40922649350647,437903,225452,212451,174550,133122,2623,91322,415669,94,70
Himachal Pradesh,Mandi,31.635805940594054,76.96556930693067,999777,498065,501712,393669,330078,5333,214491,981412,101,72
Himachal Pradesh,Shimla,31.155725451807253,77.62573042168668,814010,425039,388971,342846,269796,9177,172754,791449,92,75
Himachal Pradesh,Sirmaur,30.682764453961443,77.43184689507493,529855,276289,253566,205617,157028,2220,91509,476830,92,68
Himachal Pradesh,Solan,31.03864311926604,76.94442140672783,580320,308754,271566,244372,184206,5250,119866,548579,88,74
Himachal Pradesh,Una,31.58330388349513,76.18353932038836,521173,263692,257481,213281,186434,2412,105929,480138,98,77
Jammu and Kashmir,Doda,33.359614675767915,76.07163720136518,409936,213641,196295,138620,80463,596,61831,187621,92,53
Jammu and Kashmir,Jammu,32.713199095022645,74.8477520361991,1529958,813821,716137,641916,495219,19905,294739,1289240,88,74
Jammu and Kashmir,Kargil,33.565994894894914,76.63675315315312,140802,77785,63017,56301,29935,235,15824,10341,81,61
Jammu and Kashmir,Kathua,32.51781678321678,75.58901398601404,616435,326109,290326,228499,160705,1443,109422,540063,89,63
Jammu and Kashmir,Pulwama,33.88414418604652,75.00921860465118,560440,293064,267376,178326,115632,1537,73629,13840,91,52
Jammu and Kashmir,Punch,33.791241290322574,74.29593161290322,476835,251899,224936,163333,98391,346,62900,32604,89,55
Jammu and Kashmir,Srinagar,34.27312898550724,75.11021159420288,1236829,651124,585705,431746,316838,16413,165403,42540,90,61
Jammu and Kashmir,Udhampur,33.04770670731707,75.15286951219511,554985,296784,258201,197543,124811,1214,73999,489044,87,58
Jharkhand,Bokaro,23.6814965034965,85.98398374125864,2062330,1072807,989523,759088,514432,9754,274726,1636460,92,62
Jharkhand,Chatra,24.11619945750453,84.93295804701627,1042886,533935,508951,303902,206159,590,27037,903179,95,49
Jharkhand,Deoghar,24.33070100755672,86.75697632241814,1492073,775022,717051,489837,303701,1944,130193,1165140,93,53
Jharkhand,Dhanbad,23.854509090909097,86.40372924901185,2684487,1405956,1278531,1014950,707254,11568,427173,2149480,91,64
Jharkhand,Dumka,24.275006125574265,87.27662450229711,1321442,668514,652928,406275,266134,1193,62110,1044726,98,51
Jharkhand,Garhwa,24.082114689265527,83.68664265536722,1322784,683575,639209,405161,248315,565,29373,1104475,94,49
Jharkhand,Giridih,24.30578509874329,86.08710915619386,2445474,1258098,1187376,783736,469739,1944,125431,1856202,94,51
Jharkhand,Godda,24.8189,87.2941735483871,1313551,677927,635624,376212,228307,874,43230,937126,94,46
Jharkhand,Gumla,23.078532948929148,84.55056787479396,1025213,514390,510823,321795,237925,831,31687,309563,99,55
Jharkhand,Jamtara,23.97873318077801,86.95325080091534,791042,404830,386212,258260,168052,808,49419,550560,95,54
Jharkhand,Latehar,23.72511185840708,84.48298743362837,726978,369666,357312,209706,140976,340,38194,473049,97,48
Jharkhand,Lohardaga,23.488796043165483,84.6605169064748,461790,232629,229161,149568,110139,351,28769,112378,99,56
Jharkhand,Pakur,24.57260428082189,87.69691969178076,900422,452661,447761,206989,145892,328,31414,410127,99,39
Jharkhand,Palamu,24.196925968109337,84.20310842824594,1939869,1006302,933567,621706,402857,2155,68238,1683169,93,53
Jharkhand,Ranchi,23.184235061391547,85.31781937244203,2914253,1494937,1419316,1085244,826189,22538,350908,1612239,95,66
Jharkhand,Sahibganj,24.93667989690721,87.68264097938142,1150567,589391,561176,287303,195960,591,34879,628044,95,42
Jharkhand,Simdega,22.608760391198054,84.59193691931536,599578,300309,299269,191991,151492,423,16865,201524,100,57
Karnataka,Bagalkot,16.15860676328503,75.64526070853468,1889752,950111,939641,641388,472024,3745,301389,1634229,99,59
Karnataka,Bangalore Rural,12.936827087794448,77.47369314775169,990923,509172,481751,385311,303438,3729,214253,890429,95,70
Karnataka,Belgaum,16.16107219152853,74.72329042357275,4779661,2423063,2356598,1725548,1326484,17560,808827,4038331,97,64
Karnataka,Bellary,15.074377548209377,76.47228471074374,2452595,1236954,1215641,813440,608181,9626,440374,2103633,98,58
Karnataka,Bidar,17.950361730769224,77.19459961538459,1703300,870665,832635,597198,445475,3971,271439,1289709,96,61
Karnataka,Bijapur,16.84015316666667,75.95909166666665,255230,128663,126567,54076,32843,117,12516,245151,98,34
Karnataka,Bijapur,16.84015316666667,75.95909166666665,2177331,1111022,1066309,730566,517702,4987,326594,1786830,96,57
Karnataka,Chikmagalur,13.425288289676422,75.67626502311249,1137961,566622,571339,438257,380088,4510,238505,1004553,101,72
Karnataka,Chitradurga,14.29102220394736,76.57821957236843,1659456,840843,818613,607188,480204,5711,307257,1520553,97,66
Karnataka,Davanagere,14.330414586709884,75.91723841166937,1945497,986400,959097,720637,587903,7320,372671,1658465,97,67
Karnataka,Dharwad,15.343831376975173,75.13831264108359,1847023,937206,909817,711776,589888,15013,347962,1390020,97,70
Karnataka,Gadag,15.507128256880746,75.64861302752298,1064570,537147,527423,397178,302999,3373,198064,907750,98,66
Karnataka,Gulbarga,17.070459515951594,76.87503850385033,2566326,1301755,1264571,828359,599009,9752,404767,2011014,97,56
Karnataka,Hassan,12.945098749999998,76.11049549999997,1776421,883667,892754,668836,556420,4851,400702,1630814,101,69
Karnataka,Haveri,14.737582809224318,75.3961230607966,1597668,819128,778540,603793,481650,2456,295937,1281878,95,68
Karnataka,Kodagu,12.39684468085106,75.79336595744688,554519,274608,279911,215302,197575,3308,113931,448986,102,74
Karnataka,Kolar,13.312799881235172,78.01376947743476,1536401,776396,760005,564110,452109,5051,309494,1305431,98,66
Karnataka,Koppal,15.651253271028034,76.1617048598131,1389920,699926,689994,468785,340300,2135,223166,1218024,99,58
Karnataka,Mandya,12.574901806239744,76.81570098522172,1805769,905085,900684,638668,510981,3367,391033,1712695,100,64
Karnataka,Mysore,12.248100259403367,76.52881802853437,3001127,1511600,1489527,1063766,898414,28397,640868,2631985,99,65
Karnataka,Raichur,16.050795353982295,76.87368606194688,1928812,964511,964301,577213,402556,5200,314547,1634062,100,51
Karnataka,Shimoga,14.063845885634592,75.17882078103197,1752753,877415,875338,674938,588078,8791,363835,1479424,100,72
Karnataka,Tumkur,13.592467760074973,77.02297966260545,2678980,1350594,1328386,1006024,807367,7971,562769,2413812,98,68
Karnataka,Udupi,13.450404228534568,74.72009990316337,1177361,562131,615230,465704,460725,9070,224814,1009179,109,79
Kerala,Alappuzha,9.542602965599087,76.38010796263319,2127789,1013142,1114647,890552,962245,28842,507913,1460447,110,87
Kerala,Ernakulam,10.004879301987431,76.26957729035381,3282388,1619557,1662831,1425723,1429953,88737,771287,1509557,103,87
Kerala,Idukki,9.80480963855423,77.04586641566264,1108974,552808,556166,471881,451129,8250,244844,541854,101,83
Kerala,Kannur,11.941523076923056,75.35209891725934,2523003,1181446,1341557,1012956,1125478,32653,511167,1509592,114,85
Kerala,Kasaragod,12.33310309912974,75.07768497134369,1307375,628613,678762,516476,521016,10378,237670,729987,108,79
Kerala,Kollam,8.929388820570157,76.6360775852431,2635375,1246968,1388407,1074345,1165928,31542,630767,1697635,111,85
Kerala,Kottayam,9.643701174068417,76.46059673302705,1974551,968289,1006262,861592,888206,37849,464039,983598,104,89
Kerala,Kozhikode,11.392924270557026,75.71158720159153,3086293,1470942,1615351,1266939,1348504,36791,641660,1734958,110,85
Kerala,Malappuram,10.97329875666072,75.93910775606876,4112920,1960328,2152592,1597404,1713911,27909,730119,1135259,110,81
Kerala,Palakkad,10.784926903553291,76.49980490693744,2809934,1359478,1450456,1122600,1116892,27162,587583,1875980,107,80
Kerala,Thiruvananthapuram,8.537101759082221,76.88711502868073,3301427,1581678,1719749,1354857,1430551,71621,783872,2194057,109,84
Kerala,Thrissur,10.458932647907687,76.12321940836945,3121200,1480763,1640437,1282261,1396287,56148,721625,1823442,111,86
Kerala,Wayanad,11.715277464788736,76.07587007042254,817420,401684,415736,328136,317449,4712,149864,404460,103,79
Madhya Pradesh,Anuppur,23.18184220430107,81.86560000000007,749237,379114,370123,254120,182475,1290,81338,686524,98,58
Madhya Pradesh,Ashoknagar,24.63098846153845,77.82974493927134,845071,443837,401234,290304,178805,619,84720,778214,90,56
Madhya Pradesh,Balaghat,21.80020720640569,80.42170053380796,1701698,842178,859520,626468,521155,1712,277927,1519384,102,67
Madhya Pradesh,Barwani,21.702135714285724,74.91004719710673,1385881,699340,686541,313642,236284,1158,181139,1318869,98,40
Madhya Pradesh,Betul,21.964626315789477,77.7873428189117,1575362,799236,776126,529783,409986,2109,230974,1505745,97,60
Madhya Pradesh,Bhind,26.35951126187245,78.7618324287653,1703005,926843,776162,676513,418404,1166,107819,1595400,84,64
Madhya Pradesh,Bhopal,23.480726143790854,77.39246623093679,2371061,1236130,1134931,920314,740376,40788,452912,1755861,92,70
Madhya Pradesh,Burhanpur,21.364567254408065,76.24460478589425,757847,388504,369343,233073,175606,986,112420,552526,95,54
Madhya Pradesh,Chhatarpur,24.813637376460004,79.56449299191374,1762375,936121,826254,572010,371023,1880,176056,1676918,88,54
Madhya Pradesh,Chhindwara,22.227966971713823,78.76413136439254,2090922,1064468,1026454,731294,562904,3588,344875,1923920,96,62
Madhya Pradesh,Damoh,23.76624407960196,79.47049303482588,1264219,661873,602346,445737,301978,1432,187731,1186420,91,59
Madhya Pradesh,Datia,25.90226439560441,78.63916571428574,786754,420157,366597,303815,187630,616,97696,747693,87,62
Madhya Pradesh,Dewas,22.7851110021322,76.46088805970157,1563715,805359,758356,550716,374653,3518,270457,1376591,94,59
Madhya Pradesh,Dhar,22.572681718963157,75.1105620736698,2185793,1112725,1073068,638479,438859,2388,349639,2051219,96,49
Madhya Pradesh,Dindori,22.83738437047757,81.04332966714911,704524,351913,352611,222759,155955,554,62372,605435,100,54
Madhya Pradesh,Guna,24.49043927178156,77.2235895968791,1241519,649362,592157,400537,253443,2482,144248,1172248,91,53
Madhya Pradesh,Gwalior,26.04074441964285,78.12782433035713,2032036,1090327,941709,803114,554096,15779,306859,1835299,86,67
Madhya Pradesh,Harda,22.227659781121783,77.07022571819435,570465,294838,275627,203807,148743,986,95066,527462,93,62
Madhya Pradesh,Hoshangabad,22.595268801996703,78.02168094841929,1241350,648725,592625,469199,341445,2871,198076,1175203,91,65
Madhya Pradesh,Indore,22.680265752128648,75.9133801324502,3276697,1699627,1577070,1289631,1019499,48691,593576,2728225,93,70
Madhya Pradesh,Jabalpur,23.18525572327043,79.98328754716981,2463289,1277278,1186011,980307,776161,20443,452023,2159065,93,71
Madhya Pradesh,Jhabua,22.419578015397768,74.40921616766468,1025048,515023,510025,214582,137499,744,125411,960925,99,34
Madhya Pradesh,Katni,23.724416229116937,80.33819665871127,1292042,662013,630029,460583,330190,2179,172416,1240650,95,61
Madhya Pradesh,Mandla,22.70348712446353,80.38600543633753,1054905,525272,529633,348033,256929,912,143803,849518,101,57
Madhya Pradesh,Mandsaur,24.19278764044944,75.43588667736759,1340411,682851,657560,502898,331693,2324,239885,1192588,96,62
Madhya Pradesh,Morena,26.37313504531724,77.88447341389724,1965970,1068417,897553,747652,432033,1781,131486,1875495,84,60
Madhya Pradesh,Neemuch,24.70311893333336,75.06608186666664,826067,422653,403414,307889,200945,1945,145258,741288,95,62
Madhya Pradesh,Panna,24.451325840092657,80.21133001158752,1016520,533480,483040,332140,220419,653,76097,974748,91,54
Madhya Pradesh,Raisen,23.292518206521724,78.16305495923909,1331597,700358,631239,479093,341127,1141,194373,1195235,90,62
Madhya Pradesh,Rajgarh,23.785499026425583,76.66431223922116,1545814,790212,755602,488797,315448,1611,231130,1433879,96,52
Madhya Pradesh,Ratlam,23.503562290502792,75.14895782122909,1455069,738241,716828,485090,340790,3644,213825,1267043,97,57
Madhya Pradesh,Rewa,24.861184625158856,81.57572465057183,2365106,1225100,1140006,845572,596185,3406,251132,2268838,93,61
Madhya Pradesh,Sagar,23.800318709677374,78.71940357771273,2378458,1256257,1122201,908607,637112,4546,366494,2198297,89,65
Madhya Pradesh,Satna,24.62777621776502,80.75547048710598,2228935,1157495,1071440,801051,570730,3754,294702,2158623,93,62
Madhya Pradesh,Sehore,22.9297199679658,77.06780202883085,1311332,683743,627589,469208,311154,1566,212138,1163607,92,60
Madhya Pradesh,Seoni,22.33230487804874,79.66053863928111,1379131,695879,683252,485341,378853,1182,228695,1145052,98,63
Madhya Pradesh,Shahdol,23.44859864559819,81.4596831828442,1066063,540021,526042,348761,255433,1733,113184,997073,97,57
Madhya Pradesh,Shajapur,23.566620317220547,76.33555181268885,1512681,780520,732161,543509,351103,1382,232735,1321003,94,59
Madhya Pradesh,Sheopur,25.78014810996563,77.16911116838484,687861,361784,326077,208201,119824,273,74770,638702,90,48
Madhya Pradesh,Shivpuri,25.37802451874367,77.74861600810549,1726050,919795,806255,573242,327604,1852,148128,1648749,88,52
Madhya Pradesh,Sidhi,24.17547189952905,82.1053783359498,1127033,575912,551121,353030,247755,837,102228,1077545,96,53
Madhya Pradesh,Tikamgarh,25.14099852104666,78.89357064846428,1445166,760355,684811,459353,288587,1090,132725,1383475,90,52
Madhya Pradesh,Ujjain,23.319288862745065,75.80383717647058,1986864,1016289,970575,730817,510173,7501,323379,1718204,96,62
Madhya Pradesh,Umaria,23.59601063063061,80.90879477477475,644758,330674,314084,210907,145765,839,67975,620515,95,55
Madhya Pradesh,Vidisha,23.82838307984792,77.9013507604563,1458875,769568,689307,512344,350574,1926,181510,1287391,90,59
Maharashtra,Akola,20.746310479041902,77.12122320359276,1813906,932334,881572,758977,652304,6163,314490,1107809,95,78
Maharashtra,Amravati,21.16520991810736,77.67583503184723,2888445,1480768,1407677,1207104,1044771,9438,512492,2055177,95,78
Maharashtra,Bhandara,21.211792649727748,80.10950199637024,1200334,605520,594814,488709,411151,2932,227025,1009352,98,75
Maharashtra,Bid,18.952353340080982,75.69319706477731,2585049,1349106,1235943,987185,731322,5614,402052,2174672,92,66
Maharashtra,Buldana,20.56680611183355,76.39017880364096,2586258,1337560,1248698,1048892,830982,4767,423036,1845424,93,73
Maharashtra,Chandrapur,20.095609090909075,79.31556380471388,2204307,1123834,1080473,872565,706050,8239,418666,1780085,96,72
Maharashtra,Dhule,21.274018690400517,74.58719071837263,2050862,1054031,996831,723388,570528,6065,315332,1825460,95,63
Maharashtra,Gondiya,21.225008411214997,80.17522698598128,1322507,661554,660953,542837,461406,2866,239981,1153861,100,76
Maharashtra,Hingoli,19.59525302245251,77.09239412780653,1177345,606294,571051,450551,340192,1221,159114,863199,94,67
Maharashtra,Jalgaon,20.8828943415638,75.55140421810695,4229917,2197365,2032552,1629223,1262659,14297,720791,3457615,92,68
Maharashtra,Jalna,19.984612534818933,75.98473607242339,1959046,1011473,947573,699428,496095,3791,288895,1504641,94,61
Maharashtra,Kolhapur,16.44881301587301,74.12897150793648,3876001,1980658,1895343,1559760,1266085,22269,770005,3379906,96,73
Maharashtra,Latur,18.348687268993856,76.75812607802874,2454196,1273140,1181056,932432,718240,6217,381722,2006984,93,67
Maharashtra,Nagpur,21.196556862745105,79.02166176470584,4653570,2384975,2268595,1959220,1714588,57964,917626,3492202,95,79
Maharashtra,Nanded,19.209316983017,77.6829048951049,3361292,1730075,1631217,1255222,934203,7548,488748,2501741,94,65
Maharashtra,Nandurbar,21.523175625248147,74.32638757443429,1648295,833170,815125,512099,394410,2579,186202,1521618,98,55
Maharashtra,Nashik,20.266912871287143,74.03824168316828,6107187,3157186,2950001,2397538,1947828,45039,904710,5237009,93,71
Maharashtra,Osmanabad,18.19459456066944,75.99495575313809,1657576,861535,796041,644304,493506,3209,240042,1437623,92,69
Maharashtra,Parbhani,19.31032425249168,76.70163338870431,1836086,942870,893216,666291,491523,3982,272486,1328385,95,63
Maharashtra,Pune,18.51696171428573,74.12922881632647,9429408,4924105,4505303,3940210,3231513,235018,1925019,8090254,91,76
Maharashtra,Ratnagiri,17.210195070127703,73.25725893866404,1615069,761121,853948,619012,580380,7752,367352,1307211,112,74
Maharashtra,Sangli,17.154930181086502,74.70713822937628,2822143,1435728,1386415,1121550,927917,13212,485126,2440312,97,73
Maharashtra,Satara,17.6737908974359,74.18052064102558,3003741,1510842,1492899,1201034,1024660,14093,562653,2691952,99,74
Maharashtra,Sindhudurg,16.170948049777163,73.51329008172343,849651,417332,432319,348289,317778,3517,194228,780384,104,78
Maharashtra,Solapur,17.837357937584812,75.42394823609216,4317756,2227852,2089904,1651266,1259410,15145,595560,3795424,94,67
Maharashtra,Thane,19.698767747440264,72.79882742564581,11060148,5865078,5195070,4591396,3635765,256170,2231800,8716055,89,74
Maharashtra,Wardha,20.80743024390242,78.57259105691062,1300774,668385,632389,552617,466841,4313,266155,1057096,95,78
Maharashtra,Washim,20.282282394366213,77.25502394366208,1197160,620302,576858,487703,382214,1875,196022,859949,93,73
Maharashtra,Yavatmal,20.04258346738159,78.05326371760479,2772348,1419965,1352383,1115980,906594,6094,446516,2251401,95,73
Manipur,Bishnupur,24.50712111801243,93.8246236024845,237399,118782,118617,87313,69020,676,34364,175102,100,66
Manipur,Chandel,24.2635812987013,94.09443844155844,144182,74579,69603,51053,39249,184,18764,10810,93,63
Manipur,Churachandpur,24.30309718875504,93.38671506024085,274143,138820,135323,104013,91922,837,29894,12034,97,71
Manipur,Senapati,25.08465586034914,94.03366234413956,479148,247323,231825,148012,116465,256,22798,43833,94,55
Manipur,Tamenglong,24.98312942238265,93.49450740072204,140651,72371,68280,47403,37603,125,11541,2995,94,60
Manipur,Thoubal,24.545392553191498,93.97959893617023,422168,210845,211323,152617,116687,880,49507,267146,100,64
Manipur,Ukhrul,25.05900314960629,94.44129566929138,183998,94718,89280,70148,59681,276,14026,7553,94,71
Meghalaya,East Garo Hills,25.82728228228228,90.64684924924916,317917,161223,156694,102513,89634,288,24550,17272,97,60
Meghalaya,East Khasi Hills,25.303763888888884,91.75922519841272,825922,410749,415173,287270,290760,5032,135941,144935,101,70
Meghalaya,Jaintia Hills,25.33959557069844,92.37608160136298,395124,196285,198839,87371,100156,510,41677,12456,101,47
Meghalaya,South Garo Hills,25.240568578553614,90.64560349127176,142334,73170,69164,45003,37059,179,10940,7036,95,58
Meghalaya,West Garo Hills,25.495285185185185,90.03709947089942,643291,324159,319132,193438,165264,1630,51301,122936,98,56
Meghalaya,West Khasi Hills,25.500889926739926,91.25364542124538,383461,193715,189746,117307,113371,149,32873,6498,98,60
Mizoram,Aizawl,23.90781335453101,92.85359459459472,400309,199270,201039,169547,171048,4019,79804,13249,101,85
Mizoram,Champhai,23.54166580976866,93.24221799485862,125745,63388,62357,51440,49362,186,23948,1075,98,80
Mizoram,Kolasib,24.2020004347826,92.73470391304348,83955,42918,41037,34147,31748,367,14853,4000,96,78
Mizoram,Lawngtlai,22.36102843137253,92.66964156862753,117894,60599,57295,36444,26417,162,9283,1668,95,53
Mizoram,Lunglei,23.007717036172675,92.63512555425892,161428,82891,78537,64515,56607,482,26394,5231,95,75
Mizoram,Mamit,23.73852942502819,92.4330803833147,86364,44828,41536,32977,27214,90,12158,2989,93,70
Mizoram,Saiha,22.35744801061008,93.02827931034489,56574,28594,27980,21861,20372,168,7400,933,98,75
Mizoram,Serchhip,23.263864705882344,92.914158496732,64937,32851,32086,27598,26878,131,12315,991,98,84
Nagaland,Dimapur,25.814176811594223,93.75074057971014,378811,197394,181417,150142,127895,3303,71413,108900,92,73
Nagaland,Kohima,25.60311428571428,93.78600657596373,267988,138966,129022,107038,90451,1928,50724,25496,93,74
Nagaland,Mokokchung,26.478911764705888,94.522426006192,194622,101092,93530,83479,76015,537,40154,9840,93,82
Nagaland,Mon,26.69207374301676,95.03072988826828,250260,131753,118507,67432,52194,178,14398,8102,90,48
Nagaland,Phek,25.63272986577182,94.56814563758392,163418,83743,79675,57926,47967,170,36182,3563,95,65
Nagaland,Tuensang,26.21104453280316,94.85809880715708,196596,101933,94663,63653,53858,155,24998,2979,93,60
Nagaland,Wokha,26.202611551155112,94.1990815181518,166343,84505,81838,67385,60823,198,25268,5605,97,77
Nagaland,Zunheboto,26.028178205128206,94.50026666666668,140757,71217,69540,53504,49377,261,28846,2580,98,73
Orissa,Baleshwar,21.48570932311624,87.08085828011933,2320529,1185787,1134742,902359,718873,7370,296834,2197709,96,70
Orissa,Bhadrak,20.95262735257214,86.81496204516931,1506337,760260,746077,596269,497871,2637,164636,1398543,98,73
Orissa,Cuttack,20.407640646029623,85.7776810228802,2624470,1352760,1271710,1103033,908436,15046,349587,2457729,94,77
Orissa,Dhenkanal,20.79887159353349,85.53226836027711,1192811,612593,580218,464093,365817,1810,117172,1185542,95,70
Orissa,Gajapati,19.121080882352945,84.14015091911759,577817,282882,294935,153663,108874,635,63112,353160,104,45
Orissa,Ganjam,19.2632617564534,84.80297710437702,3529031,1779218,1749813,1262652,947398,9049,405298,3486059,98,63
Orissa,Jharsuguda,21.827058566978184,83.93581682242987,579505,296690,282815,228092,177787,2498,81433,553587,95,70
Orissa,Kalahandi,19.784253092783523,83.1124043814433,1576869,787101,789768,484177,317859,1953,91171,1555367,100,51
Orissa,Kandhamal,20.092878624813142,84.02216352765326,733110,359945,373165,233900,165886,768,28736,580300,104,55
Orissa,Kendrapara,20.606319815982264,86.83763247572003,1440361,717814,722547,579970,509295,1628,173107,1386792,101,76
Orissa,Khordha,20.054162322274863,85.52234834123229,2251673,1167137,1084536,957515,792421,35701,349860,2147632,93,78
Orissa,Koraput,18.82627794779476,82.81278469846964,1379647,678809,700838,340843,227247,3988,85766,1294151,103,41
Orissa,Malkangiri,18.25227930367506,81.98293636363628,613192,303624,309568,147001,97705,448,24604,600219,102,40
Orissa,Mayurbhanj,21.897621545157754,86.4030408052231,2519738,1256213,1263525,794171,575226,2950,140189,2113079,101,54
Orissa,Nayagarh,20.192895622119817,85.05614700460825,962789,502636,460153,392333,296029,1163,124984,955754,92,71
Orissa,Nuapada,20.471309512195116,82.59152536585364,610382,301962,308420,180903,118480,757,43976,601092,102,49
Orissa,Puri,19.83509174603177,85.86698989898981,1698730,865380,833350,704857,587082,3416,201605,1644905,96,76
Orissa,Rayagada,19.292840020060204,83.45860120361095,967911,471960,495951,241959,165776,1553,61543,874445,105,42
Orissa,Sambalpur,21.515752380952385,84.34958483245157,1041099,526877,514222,393192,310499,5231,126498,964188,98,68
Orissa,Sundargarh,22.06354819277107,84.50524819277099,2093437,1061147,1032290,750147,592175,12787,223537,1532352,97,64
Puducherry,Karaikal,10.876161726078813,79.82369793621002,200222,97809,102413,79903,75013,1868,47880,152638,105,77
Puducherry,Mahe,12.006420793787758,75.28275021570326,41816,19143,22673,16610,19860,574,7150,27940,118,87
Puducherry,Yanam,16.707695652173904,82.26187304347832,55626,27301,28325,19919,19355,207,12859,53537,104,71
Punjab,Amritsar,31.548679820627772,74.79883856502238,2490656,1318408,1172248,932981,751789,29961,461231,690939,89,68
Punjab,Bathinda,30.190524611973352,75.05685898004438,1388525,743197,645328,488261,356607,11284,255650,380569,87,61
Punjab,Faridkot,30.591187250996025,74.79751553784862,617508,326671,290837,215767,165518,4348,113549,141363,89,62
Punjab,Fatehgarh Sahib,30.64290947368421,76.36208394736842,600163,320795,279368,238696,187337,5138,113683,152851,87,71
Punjab,Firozpur,30.63407535211269,74.40245732394365,2029074,1071637,957437,707070,520441,10042,349662,906408,89,60
Punjab,Gurdaspur,32.04283371212125,75.3204064393939,2298323,1212617,1085706,907660,727059,14428,411216,1074332,90,71
Punjab,Hoshiarpur,31.55157169811319,75.8469857442349,1586625,809057,777568,637927,561772,13747,319930,1000743,96,76
Punjab,Jalandhar,31.250336907216507,75.54400350515463,2193590,1145211,1048379,882581,739956,39082,446200,1394329,92,74
Punjab,Kapurthala,31.336592638036837,75.47641165644177,815168,426311,388857,316254,260313,9732,161206,336124,91,71
Punjab,Ludhiana,30.76596397379912,75.83110851528383,3498739,1867816,1630923,1428348,1131877,58589,703624,1502403,87,73
Punjab,Mansa,29.919547714285724,75.4304922857143,769751,408732,361019,244037,179523,2673,140099,156539,88,55
Punjab,Moga,30.756540067340065,75.1600845117845,995746,525920,469826,348549,279340,7897,183396,158414,89,63
Punjab,Muktsar,30.31243303303303,74.5518747747748,901896,475622,426274,300401,224447,4571,166585,254920,90,58
Punjab,Patiala,30.214540380693364,76.27505893949697,1895686,1002522,893164,711052,555739,24274,352929,783306,89,67
Punjab,Rupnagar,30.910937330754347,76.53743500967126,684627,357485,327142,278534,224197,6600,129123,304481,92,73
Punjab,Sangrur,30.185045204336895,75.89437014178496,1655169,878029,777140,570413,431664,10736,305557,389410,89,61
Rajasthan,Ajmer,26.199300378787903,74.6990419191919,2583052,1324085,1258967,926268,600405,13499,393498,2201663,95,59
Rajasthan,Alwar,27.55271738035265,76.65359630562563,3674179,1939026,1735153,1359829,822647,9750,485723,3039279,89,59
Rajasthan,Banswara,23.453642032967014,74.44246868131869,1797485,907754,889731,513854,315489,2324,120603,1701234,98,46
Rajasthan,Baran,24.98023243243244,76.86210651828291,1222755,633945,588810,432607,260700,1363,161310,1133349,93,57
Rajasthan,Barmer,25.77070908045978,71.50297126436782,2603751,1369022,1234729,783461,404861,2766,126494,2244882,90,46
Rajasthan,Bharatpur,27.32411858037578,77.21752077244258,2548462,1355726,1192736,943910,536959,4179,288723,2143046,88,58
Rajasthan,Bhilwara,25.45119767759564,74.63947595628417,2408523,1220736,1187787,777582,478544,6207,373644,2224839,97,52
Rajasthan,Bikaner,28.12489068322981,73.26943322981371,2363937,1240801,1123136,782399,496402,7607,220793,2073356,91,54
Rajasthan,Bundi,25.48580716049379,75.79984074074079,1110906,577160,533746,371705,213339,1392,136969,1017688,92,53
Rajasthan,Chittaurgarh,24.631623761665463,74.80010997846382,1544338,783171,761167,514851,306974,4941,268172,1413163,97,53
Rajasthan,Churu,28.29330375536484,74.65846427038629,2039547,1051446,988101,696729,452540,2577,231696,1777879,94,56
Rajasthan,Dausa,26.91234817629181,76.57342097264443,1634409,857787,776622,596935,341116,1719,195277,1582335,91,57
Rajasthan,Dhaulpur,26.72397054945053,77.74476219780222,1206516,653647,552869,435721,247377,1330,96086,1127520,85,57
Rajasthan,Dungarpur,23.75104807692308,73.84765641025645,1388552,696532,692020,415820,265771,1477,141275,1340065,99,49
Rajasthan,Ganganagar,29.256785412667963,73.56192303262948,1969168,1043340,925828,710908,482435,6295,283142,1437144,89,61
Rajasthan,Hanumangarh,29.1813351791531,74.74632573289902,1774692,931184,843508,624281,409855,3360,243163,1433067,91,58
Rajasthan,Jaipur,27.033459290187885,75.77117286012533,6626178,3468507,3157671,2554793,1746172,76565,990085,5819980,91,65
Rajasthan,Jaisalmer,26.86900838548185,71.18371877346682,669919,361708,308211,210415,98238,754,43141,497045,85,46
Rajasthan,Jalor,25.07578093797277,72.18647261724662,1828730,936634,892096,543923,285659,1585,161845,1732852,95,45
Rajasthan,Jhalawar,24.24725541474657,76.11242891705065,1411129,725143,685986,466815,272977,1750,220428,1299751,95,52
Rajasthan,Jhunjhunun,28.13517401247401,75.52840893970894,2137045,1095896,1041149,815834,554526,4828,297559,1905682,95,64
Rajasthan,Jodhpur,26.678460838536967,73.00450847457628,3687165,1923928,1763237,1265753,765779,19335,408808,3224399,92,55
Rajasthan,Karauli,26.51901555555556,76.96081818181815,1458248,783639,674609,531904,273945,1059,132079,1370977,86,55
Rajasthan,Kota,25.175718080000014,76.18618928000001,1951014,1021161,929853,765396,532949,12843,339899,1661307,91,67
Rajasthan,Nagaur,27.07862016048146,74.14215667001012,3307743,1696325,1611418,1102750,655874,4449,347344,2833443,95,53
Rajasthan,Pali,25.80490393541874,73.55285640766907,2037573,1025422,1012151,667381,418312,4043,326793,1870543,99,53
Rajasthan,Rajsamand,25.24894767441859,73.96570215946844,1156597,581339,575258,383334,235805,1989,193276,1105676,99,54
Rajasthan,Sawai Madhopur,26.251081180223288,76.4219283891548,1335551,704031,631520,486184,255564,1887,140947,1165505,90,56
Rajasthan,Sikar,27.64644058641976,75.29317422839503,2677333,1374990,1302343,995275,656842,5647,339457,2342076,95,62
Rajasthan,Sirohi,24.7976905263158,72.75309131578943,1036346,534231,502115,309900,166906,2146,134089,996562,94,46
Rajasthan,Tonk,26.153935071707927,75.79192216427637,1421326,728136,693190,478329,271330,1908,158264,1243527,95,53
Rajasthan,Udaipur,24.44076752136749,73.84029839743584,3068420,1566801,1501619,973444,609185,14211,357846,2869976,96,52
Sikkim,East,27.29600352941175,88.74908392156858,1709346,907500,801846,748382,604616,80037,352758,1410852,88,79
Tamil Nadu,Ariyalur,11.190514836795256,79.22249643916912,754894,374703,380191,269582,211022,1749,177502,708397,101,64
Tamil Nadu,Chennai,13.058098905608748,80.28139151846806,4646732,2335844,2310888,1968079,1808197,217368,1096334,3751322,99,81
Tamil Nadu,Coimbatore,10.871376995940452,77.07619012178621,3458045,1729297,1728748,1394790,1241117,63273,896325,3044145,100,76
Tamil Nadu,Cuddalore,11.57587300613498,79.63002365371497,2605914,1311697,1294217,1000322,814959,15396,598412,2391675,99,70
Tamil Nadu,Dharmapuri,12.300141200000006,78.11509813333339,1506843,774303,732540,527599,390110,3651,337972,1452956,95,61
Tamil Nadu,Dindigul,10.377801390820574,77.78011279554937,2159775,1080938,1078837,816180,665654,9155,500057,1879494,100,69
Tamil Nadu,Erode,11.267012155963302,77.42034334862392,2251744,1129868,1121876,828300,664362,18604,595211,2115455,99,66
Tamil Nadu,Kancheepuram,12.496424756511884,80.08820360135913,3998252,2012958,1985294,1611461,1401921,100322,961161,3537399,99,75
Tamil Nadu,Kanniyakumari,8.183466300191206,77.32053064053538,1870374,926345,944029,780541,768197,15673,465692,909872,102,83
Tamil Nadu,Karur,10.79532776617955,78.08749686847604,1064493,528184,536309,401726,325318,4915,264949,993666,102,68
Tamil Nadu,Madurai,9.904313833333331,78.01366033333332,3038252,1526475,1511777,1223810,1049620,34097,754141,2760502,99,75
Tamil Nadu,Nagapattinam,10.789468161718286,79.79437299431483,1616450,798127,818323,640916,572092,5585,381940,1435072,103,75
Tamil Nadu,Namakkal,11.33766638477801,78.14624841437633,1726601,869280,857321,653312,522819,8960,441044,1673652,99,68
Tamil Nadu,Perambalur,11.260137758112096,78.86034011799416,565223,282157,283066,208011,167812,1507,135751,521658,100,66
Tamil Nadu,Pudukkottai,10.130514816433578,79.05444484265728,1618345,803188,815157,608776,501769,4494,354493,1428784,101,69
Tamil Nadu,Ramanathapuram,9.31286995153476,78.99185362412462,1353445,682658,670787,536487,442459,5172,291400,1047411,98,72
Tamil Nadu,Salem,11.629324202127655,78.2478257978723,3482056,1781571,1700485,1285107,1000455,20660,835377,3326357,95,66
Tamil Nadu,Sivaganga,9.960306580645158,78.56535729032255,1339101,668672,670429,526304,433440,5773,314270,1186078,100,72
Tamil Nadu,Thanjavur,10.387692255892237,79.3194869107745,2405890,1182416,1223474,944264,846734,13495,555582,2075870,103,74
Tamil Nadu,Theni,9.924066666666668,77.43458833333332,1245899,625683,620216,479403,390677,4667,312310,1148990,99,70
Tamil Nadu,Thiruvallur,13.275858101752885,80.19724702864492,3728104,1876062,1852042,1495711,1296010,75634,909400,3325823,99,75
Tamil Nadu,Thiruvarur,10.368927409395978,79.60322893959727,1264277,626693,637584,503085,443386,4416,303114,1132785,102,75
Tamil Nadu,Tiruvannamalai,12.419318947368414,79.23265631578953,2464875,1235889,1228986,909803,717010,6445,549077,2294369,99,66
Tamil Nadu,Vellore,12.784882632293078,79.02643283582084,3936331,1961688,1974643,1504355,1269573,20623,865913,3397857,101,70
Tamil Nadu,Virudhunagar,9.468872195892564,77.87641469194315,1942288,967709,974579,760375,638413,10219,505950,1822626,101,72
Tripura,Dhalai,23.781360477941163,91.94654283088232,378230,194544,183686,151643,124574,273,46875,307120,94,73
Tripura,North Tripura,24.121739755351683,92.17842538226292,693947,352860,341087,275646,244756,997,81601,507967,97,75
Tripura,South Tripura,23.211874098057383,91.6065807585568,876001,447544,428457,351082,295728,948,133744,736015,96,74
Tripura,West Tripura,23.780166241299337,91.41310788863107,1725739,879428,846311,722998,638356,6394,314567,1512801,96,79
Uttar Pradesh,Agra,26.99512974910393,78.05278291517321,4418797,2364953,2053844,1614594,1065916,27183,536402,3922718,87,61
Uttar Pradesh,Aligarh,27.93748576850093,78.00146831119557,3673889,1951996,1721893,1283380,809187,13634,268120,2904140,88,57
Uttar Pradesh,Allahabad,25.392038662316445,82.05172446982063,5954391,3131807,2822584,2199340,1466387,24122,391542,5102041,90,62
Uttar Pradesh,Ambedkar Nagar,26.39119025974028,82.68282142857147,2397888,1212410,1185478,846676,640263,2509,99581,1985654,98,62
Uttar Pradesh,Auraiya,26.66892394014961,79.42637057356607,1379545,740040,639505,546198,384638,2404,65479,1273546,86,67
Uttar Pradesh,Azamgarh,26.008290954773837,83.01220251256285,4613913,2285004,2328909,1559414,1212503,6652,183381,3878626,102,60
Uttar Pradesh,Baghpat,29.045793499999988,77.30266300000001,1303048,700070,602978,489858,308112,2989,119121,917474,86,61
Uttar Pradesh,Bahraich,27.691776300578027,81.46779783237004,3487731,1843884,1643847,878285,520083,2681,85814,2291892,89,40
Uttar Pradesh,Ballia,25.86075638297873,84.03651978723408,3239774,1672902,1566872,1160960,802630,4672,119972,3004240,94,61
Uttar Pradesh,Balrampur,27.449076537911324,82.47158326180256,2148665,1114721,1033944,544943,323414,1551,57400,1333242,93,40
Uttar Pradesh,Banda,25.351885902503284,80.52487391304344,1799410,965876,833534,630626,372311,1655,73522,1637549,86,56
Uttar Pradesh,Bara Banki,26.922777025232424,81.35762350597606,3260699,1707073,1553626,1010518,681940,3159,108116,2505444,91,52
Uttar Pradesh,Bareilly,28.51101940789474,79.43187072368416,4448359,2357665,2090694,1342697,849062,15164,272830,2830768,89,49
Uttar Pradesh,Basti,26.833880454545447,82.69790590909092,2464464,1255272,1209192,819719,574064,3423,108101,2082976,96,57
Uttar Pradesh,Bijnor,29.313974259681096,78.45098815489754,3682713,1921215,1761498,1241471,893922,7303,268353,2032081,92,58
Uttar Pradesh,Bulandshahr,28.34875862068968,78.01082758620684,3499171,1845260,1653911,1253314,778342,7865,223922,2707195,90,58
Uttar Pradesh,Chandauli,25.1180859611231,83.25307062634984,1952756,1017905,934851,699454,475152,3492,99602,1727869,92,60
Uttar Pradesh,Chitrakoot,25.159924623803,81.07666087551297,991730,527721,464009,330339,200733,827,41046,955372,88,54
Uttar Pradesh,Deoria,26.42218856548857,83.8244070686071,3100946,1537436,1563510,1079288,795951,4469,150001,2730957,102,60
Uttar Pradesh,Etah,27.591155309734443,78.70021858407083,1774480,947339,827141,647042,408160,2635,69591,1611126,87,59
Uttar Pradesh,Etawah,26.78817670157068,79.07621806282728,1581810,845856,735954,623583,438420,2964,113098,1457892,87,67
Uttar Pradesh,Faizabad,26.60589185185181,82.00783530864202,2470996,1259628,1211368,838339,612562,4746,127754,2094271,96,59
Uttar Pradesh,Farrukhabad,27.45063297872342,79.4406284574468,1885204,1006240,878964,654827,437850,2624,88081,1596278,87,58
Uttar Pradesh,Fatehpur,25.8374362030905,80.85416203090509,2632733,1384722,1248011,911003,601163,3385,75263,2274674,90,57
Uttar Pradesh,Firozabad,27.20963993055552,78.42660624999998,2498156,1332046,1166110,912314,609492,5834,196080,2140745,88,61
Uttar Pradesh,Gautam Buddha Nagar,28.393311038961038,77.52462467532465,1648115,890214,757901,666065,456882,53181,257586,1394025,85,68
Uttar Pradesh,Ghaziabad,28.74997308584685,77.67441879350343,4681645,2488834,2192811,1811397,1311867,78116,695130,3414427,88,67
Uttar Pradesh,Ghazipur,25.624724775583484,83.5360854578097,3620268,1855075,1765193,1293553,903996,5309,105767,3233790,95,61
Uttar Pradesh,Gonda,27.157215552099505,82.0226888024882,3433919,1787146,1646773,1034181,645813,4313,104084,2739076,92,49
Uttar Pradesh,Gorakhpur,26.63315886792452,83.3549560377358,4440895,2277777,2163118,1593890,1106438,14597,296619,4009037,95,61
Uttar Pradesh,Hardoi,27.337409090909137,80.26411767676768,4092845,2191442,1901403,1374587,847014,3845,95508,3508131,87,54
Uttar Pradesh,Jalaun,26.067954587155988,79.36686911314993,1689974,906092,783882,653430,421766,2217,104176,1509708,87,64
Uttar Pradesh,Jaunpur,25.70141280913127,82.54315351934063,4494204,2220465,2273739,1565394,1166283,8002,181467,3981502,102,61
Uttar Pradesh,Jhansi,25.45581535234902,78.89954580536917,1998603,1057436,941167,783705,520808,8517,183340,1823930,89,65
Uttar Pradesh,Jyotiba Phule Nagar,28.870498984771597,78.39009365482241,1840221,963449,876772,600541,382569,2825,89329,1075440,91,53
Uttar Pradesh,Kannauj,26.993988617886185,79.64437940379408,1656616,881776,774840,603596,413491,2488,61491,1375788,88,61
Uttar Pradesh,Kanpur Dehat,26.43047641196011,79.98710083056478,1796184,963255,832929,692964,477279,2682,49753,1612968,86,65
Uttar Pradesh,Kaushambi,25.53587532051282,81.41811282051287,1599596,838485,761111,507279,306145,1503,43753,1372381,91,51
Uttar Pradesh,Kushinagar,26.892530675909864,83.92261542461007,3564544,1818055,1746489,1183722,771098,3486,127331,2928462,96,55
Uttar Pradesh,Lalitpur,24.58877161016945,78.60082330508473,1221592,641011,580581,397586,243605,1079,77082,1163804,91,52
Uttar Pradesh,Lucknow,26.838233589251463,80.89706026871404,4589838,2394476,2195362,1742440,1384820,68506,582769,3537787,92,68
Uttar Pradesh,Mahoba,25.34529670138888,79.67863003472216,875958,466358,409600,302283,185823,1316,42936,815142,88,56
Uttar Pradesh,Mainpuri,27.17386862302482,79.03501851015807,1868529,993377,875152,712110,491775,2642,79022,1746649,88,64
Uttar Pradesh,Mathura,27.59390432801821,77.62153416856502,2547184,1367125,1180059,943346,564400,8726,281239,2310776,86,59
Uttar Pradesh,Mau,26.01082203791469,83.50582654028433,2205968,1114709,1091259,773082,589962,2656,149908,1769937,98,62
Uttar Pradesh,Meerut,29.02957625698323,77.80611005586593,3443689,1825743,1617946,1254520,886968,23717,425624,2183255,89,62
Uttar Pradesh,Mirzapur,25.10207959183675,82.60126628571429,2496970,1312302,1184668,865837,562846,4447,145997,2292534,90,57
Uttar Pradesh,Moradabad,28.851770406189537,78.73580193423597,4772006,2503186,2268820,1357435,906413,11690,281758,2488265,91,47
Uttar Pradesh,Muzaffarnagar,29.470507977736563,77.64017847866423,4143512,2193434,1950078,1448528,968811,10077,368153,2382914,89,58
Uttar Pradesh,Pilibhit,28.52024175035868,79.90103974175037,2031007,1072002,959005,654290,406805,2870,83006,1449007,89,52
Uttar Pradesh,Pratapgarh,25.864842731707316,81.93530048780492,867848,437744,430104,250122,151393,716,71612,827293,98,46
Uttar Pradesh,Pratapgarh,25.864842731707316,81.93530048780492,3209141,1606085,1603056,1121381,810178,5149,140538,2731351,100,60
Uttar Pradesh,Rae Bareli,26.253902840059787,81.22260463378181,3405559,1752542,1653017,1165965,799878,5184,247856,2975998,94,58
Uttar Pradesh,Rampur,28.83244727272725,79.10977333333337,2335819,1223889,1111930,630408,413258,3847,131112,1073890,91,45
Uttar Pradesh,Saharanpur,30.03381165217392,77.59905147826095,3466382,1834106,1632276,1220114,856994,9699,404499,1966892,89,60
Uttar Pradesh,Sant Kabir Nagar,26.791596516393444,83.0387764344262,1715183,869656,845527,567098,387851,2031,79525,1300586,97,56
Uttar Pradesh,Shahjahanpur,27.991389350649328,79.8302275324675,3006538,1606403,1400135,915142,575788,3889,115163,2412595,87,50
Uttar Pradesh,Sitapur,27.501995963091108,80.85288881199547,4483992,2375264,2108728,1397702,886031,3874,102040,3555450,89,51
Uttar Pradesh,Sonbhadra,24.46693268858798,83.06816324951639,1862559,971344,891215,601988,383720,5149,95582,1738769,92,53
Uttar Pradesh,Sultanpur,26.2846386419753,82.05710456790123,3797117,1914586,1882531,1300248,939654,5956,233701,3119590,98,59
Uttar Pradesh,Unnao,26.63163990895297,80.636773292868,3108367,1630087,1478280,1053063,720521,3476,99466,2732016,91,57
Uttar Pradesh,Varanasi,25.36057088888889,82.82529666666672,3676841,1921857,1754984,1389116,1014787,19214,336056,3107681,91,65
Uttaranchal,Almora,29.683532133676103,79.50165064267351,622506,291081,331425,231604,204893,1830,109876,611250,114,70
Uttaranchal,Bageshwar,29.98703393393397,79.83954354354357,259898,124326,135572,97546,81937,435,47083,257509,109,69
Uttaranchal,Chamoli,30.58338611464965,79.56281095541402,391605,193991,197614,155395,125161,899,71524,385818,102,72
Uttaranchal,Champawat,29.29142393939393,80.07720212121217,259648,131125,128523,102015,75711,548,37725,249563,98,68
Uttaranchal,Pithoragarh,30.14720631868129,80.34229230769236,483439,239306,244133,189623,155927,1344,95421,475105,102,71
Uttaranchal,Tehri Garhwal,30.463700918635173,78.48783792650917,618931,297986,320945,227406,180588,1366,117239,609835,108,66
Uttaranchal,Udham Singh Nagar,29.02779577677222,79.45629004524895,1648902,858783,790119,598525,439314,7883,254802,1104452,92,63
Uttaranchal,Uttarkashi,30.968958552036234,78.56880615384617,330086,168597,161489,128237,86889,602,52621,324859,96,65
West Bengal,Bankura,23.081280892857155,87.12640053571437,3596674,1838095,1758579,1299337,933655,4273,334670,3033581,96,62
West Bengal,Barddhaman,23.444453888888884,87.8150581111111,7717563,3966889,3750674,2918040,2329168,32323,1049943,6008472,95,68
West Bengal,Birbhum,24.06389342723,87.65153089201888,3502404,1790920,1711484,1201481,956966,5210,333752,2181515,96,62
West Bengal,Dakshin Dinajpur,25.342094363021435,88.69821679819614,1676276,857199,819077,596474,487211,2518,168069,1232850,96,65
West Bengal,Darjiling,26.839619571045585,88.33145067024122,1846823,937259,909564,717673,597912,10943,297176,1366681,97,71
West Bengal,Haora,22.401674174428507,87.99421176968654,4850029,2500819,2349210,1942824,1662382,30751,796953,3535844,94,74
West Bengal,Hugli,22.87929264705881,88.00010264705891,5519145,2814653,2704492,2211777,1866611,31725,965258,4574569,96,74
West Bengal,Jalpaiguri,26.62642031250004,89.04154375000003,3872846,1983064,1889782,1396622,1102158,9322,382500,3156781,95,65
West Bengal,Kolkata,22.550581481481483,88.3527648148148,4496694,2356766,2139928,1926915,1661222,136618,927602,3440290,91,80
West Bengal,Maldah,25.08026802575105,88.17191684549356,3988845,2051541,1937304,1152019,934413,5357,297716,1914352,94,52
West Bengal,Murshidabad,24.25950655391121,88.16816860465121,7103807,3627564,3476243,2177187,1878647,7951,541169,2359061,96,57
West Bengal,Nadia,23.56410971055088,88.58293034547152,5167600,2653768,2513832,1878866,1601689,12787,623729,3728482,95,67
West Bengal,Puruliya,23.254192328767108,86.3968532876713,2930115,1496996,1433119,1002058,622847,3551,189889,2373120,96,55
West Bengal,Uttar Dinajpur,26.044619165196977,88.23595232216337,3007134,1551066,1456068,853495,636172,2883,199307,1482943,94,50
